,WRIST,THUMB_CMC,THUMB_MCP,THUMB_IP,THUMB_TIP,INDEX_FINGER_MCP,INDEX_FINGER_PIP,INDEX_FINGER_DIP,INDEX_FINGER_TIP,MIDDLE_FINGER_MCP,MIDDLE_FINGER_PIP,MIDDLE_FINGER_DIP,MIDDLE_FINGER_TIP,RING_FINGER_MCP,RING_FINGER_PIP,RING_FINGER_DIP,RING_FINGER_TIP,PINKY_MCP,PINKY_PIP,PINKY_DIP,PINKY_TIP,LABEL
0,"(0, 0, 0)","(0, 0, 0)","(0, 0, 0)","(0, 0, 0)","(0, 0, 0)","(0, 0, 0)","(0, 0, 0)","(0, 0, 0)","(0, 0, 0)","(0, 0, 0)","(0, 0, 0)","(0, 0, 0)","(0, 0, 0)","(0, 0, 0)","(0, 0, 0)","(0, 0, 0)","(0, 0, 0)","(0, 0, 0)","(0, 0, 0)","(0, 0, 0)","(0, 0, 0)",Negative
1,"(0, 0, 0)","(0, 0, 0)","(0, 0, 0)","(0, 0, 0)","(0, 0, 0)","(0, 0, 0)","(0, 0, 0)","(0, 0, 0)","(0, 0, 0)","(0, 0, 0)","(0, 0, 0)","(0, 0, 0)","(0, 0, 0)","(0, 0, 0)","(0, 0, 0)","(0, 0, 0)","(0, 0, 0)","(0, 0, 0)","(0, 0, 0)","(0, 0, 0)","(0, 0, 0)",Negative
2,"(0, 0, 0)","(0, 0, 0)","(0, 0, 0)","(0, 0, 0)","(0, 0, 0)","(0, 0, 0)","(0, 0, 0)","(0, 0, 0)","(0, 0, 0)","(0, 0, 0)","(0, 0, 0)","(0, 0, 0)","(0, 0, 0)","(0, 0, 0)","(0, 0, 0)","(0, 0, 0)","(0, 0, 0)","(0, 0, 0)","(0, 0, 0)","(0, 0, 0)","(0, 0, 0)",Negative
3,"(0, 0, 0)","(0, 0, 0)","(0, 0, 0)","(0, 0, 0)","(0, 0, 0)","(0, 0, 0)","(0, 0, 0)","(0, 0, 0)","(0, 0, 0)","(0, 0, 0)","(0, 0, 0)","(0, 0, 0)","(0, 0, 0)","(0, 0, 0)","(0, 0, 0)","(0, 0, 0)","(0, 0, 0)","(0, 0, 0)","(0, 0, 0)","(0, 0, 0)","(0, 0, 0)",Negative
4,"(0, 0, 0)","(0, 0, 0)","(0, 0, 0)","(0, 0, 0)","(0, 0, 0)","(0, 0, 0)","(0, 0, 0)","(0, 0, 0)","(0, 0, 0)","(0, 0, 0)","(0, 0, 0)","(0, 0, 0)","(0, 0, 0)","(0, 0, 0)","(0, 0, 0)","(0, 0, 0)","(0, 0, 0)","(0, 0, 0)","(0, 0, 0)","(0, 0, 0)","(0, 0, 0)",Negative
5,"(0, 0, 0)","(0, 0, 0)","(0, 0, 0)","(0, 0, 0)","(0, 0, 0)","(0, 0, 0)","(0, 0, 0)","(0, 0, 0)","(0, 0, 0)","(0, 0, 0)","(0, 0, 0)","(0, 0, 0)","(0, 0, 0)","(0, 0, 0)","(0, 0, 0)","(0, 0, 0)","(0, 0, 0)","(0, 0, 0)","(0, 0, 0)","(0, 0, 0)","(0, 0, 0)",Negative
6,"(0, 0, 0)","(0, 0, 0)","(0, 0, 0)","(0, 0, 0)","(0, 0, 0)","(0, 0, 0)","(0, 0, 0)","(0, 0, 0)","(0, 0, 0)","(0, 0, 0)","(0, 0, 0)","(0, 0, 0)","(0, 0, 0)","(0, 0, 0)","(0, 0, 0)","(0, 0, 0)","(0, 0, 0)","(0, 0, 0)","(0, 0, 0)","(0, 0, 0)","(0, 0, 0)",Negative
7,"(0, 0, 0)","(0, 0, 0)","(0, 0, 0)","(0, 0, 0)","(0, 0, 0)","(0, 0, 0)","(0, 0, 0)","(0, 0, 0)","(0, 0, 0)","(0, 0, 0)","(0, 0, 0)","(0, 0, 0)","(0, 0, 0)","(0, 0, 0)","(0, 0, 0)","(0, 0, 0)","(0, 0, 0)","(0, 0, 0)","(0, 0, 0)","(0, 0, 0)","(0, 0, 0)",Negative
8,"(0, 0, 0)","(0, 0, 0)","(0, 0, 0)","(0, 0, 0)","(0, 0, 0)","(0, 0, 0)","(0, 0, 0)","(0, 0, 0)","(0, 0, 0)","(0, 0, 0)","(0, 0, 0)","(0, 0, 0)","(0, 0, 0)","(0, 0, 0)","(0, 0, 0)","(0, 0, 0)","(0, 0, 0)","(0, 0, 0)","(0, 0, 0)","(0, 0, 0)","(0, 0, 0)",Negative
9,"(0, 0, 0)","(0, 0, 0)","(0, 0, 0)","(0, 0, 0)","(0, 0, 0)","(0, 0, 0)","(0, 0, 0)","(0, 0, 0)","(0, 0, 0)","(0, 0, 0)","(0, 0, 0)","(0, 0, 0)","(0, 0, 0)","(0, 0, 0)","(0, 0, 0)","(0, 0, 0)","(0, 0, 0)","(0, 0, 0)","(0, 0, 0)","(0, 0, 0)","(0, 0, 0)",Negative
10,"(0, 0, 0)","(0, 0, 0)","(0, 0, 0)","(0, 0, 0)","(0, 0, 0)","(0, 0, 0)","(0, 0, 0)","(0, 0, 0)","(0, 0, 0)","(0, 0, 0)","(0, 0, 0)","(0, 0, 0)","(0, 0, 0)","(0, 0, 0)","(0, 0, 0)","(0, 0, 0)","(0, 0, 0)","(0, 0, 0)","(0, 0, 0)","(0, 0, 0)","(0, 0, 0)",Negative
11,"(0, 0, 0)","(0, 0, 0)","(0, 0, 0)","(0, 0, 0)","(0, 0, 0)","(0, 0, 0)","(0, 0, 0)","(0, 0, 0)","(0, 0, 0)","(0, 0, 0)","(0, 0, 0)","(0, 0, 0)","(0, 0, 0)","(0, 0, 0)","(0, 0, 0)","(0, 0, 0)","(0, 0, 0)","(0, 0, 0)","(0, 0, 0)","(0, 0, 0)","(0, 0, 0)",Negative
12,"(0, 0, 0)","(0, 0, 0)","(0, 0, 0)","(0, 0, 0)","(0, 0, 0)","(0, 0, 0)","(0, 0, 0)","(0, 0, 0)","(0, 0, 0)","(0, 0, 0)","(0, 0, 0)","(0, 0, 0)","(0, 0, 0)","(0, 0, 0)","(0, 0, 0)","(0, 0, 0)","(0, 0, 0)","(0, 0, 0)","(0, 0, 0)","(0, 0, 0)","(0, 0, 0)",Negative
13,"(0, 0, 0)","(0, 0, 0)","(0, 0, 0)","(0, 0, 0)","(0, 0, 0)","(0, 0, 0)","(0, 0, 0)","(0, 0, 0)","(0, 0, 0)","(0, 0, 0)","(0, 0, 0)","(0, 0, 0)","(0, 0, 0)","(0, 0, 0)","(0, 0, 0)","(0, 0, 0)","(0, 0, 0)","(0, 0, 0)","(0, 0, 0)","(0, 0, 0)","(0, 0, 0)",Negative
14,"(0, 0, 0)","(0, 0, 0)","(0, 0, 0)","(0, 0, 0)","(0, 0, 0)","(0, 0, 0)","(0, 0, 0)","(0, 0, 0)","(0, 0, 0)","(0, 0, 0)","(0, 0, 0)","(0, 0, 0)","(0, 0, 0)","(0, 0, 0)","(0, 0, 0)","(0, 0, 0)","(0, 0, 0)","(0, 0, 0)","(0, 0, 0)","(0, 0, 0)","(0, 0, 0)",Negative
15,"(0, 0, 0)","(0, 0, 0)","(0, 0, 0)","(0, 0, 0)","(0, 0, 0)","(0, 0, 0)","(0, 0, 0)","(0, 0, 0)","(0, 0, 0)","(0, 0, 0)","(0, 0, 0)","(0, 0, 0)","(0, 0, 0)","(0, 0, 0)","(0, 0, 0)","(0, 0, 0)","(0, 0, 0)","(0, 0, 0)","(0, 0, 0)","(0, 0, 0)","(0, 0, 0)",Negative
16,"(0, 0, 0)","(0, 0, 0)","(0, 0, 0)","(0, 0, 0)","(0, 0, 0)","(0, 0, 0)","(0, 0, 0)","(0, 0, 0)","(0, 0, 0)","(0, 0, 0)","(0, 0, 0)","(0, 0, 0)","(0, 0, 0)","(0, 0, 0)","(0, 0, 0)","(0, 0, 0)","(0, 0, 0)","(0, 0, 0)","(0, 0, 0)","(0, 0, 0)","(0, 0, 0)",Negative
17,"(355, 163, 0)","(308, 146, 0)","(284, 114, 0)","(287, 85, 0)","(303, 67, 0)","(264, 79, 0)","(273, 39, 0)","(289, 45, 0)","(294, 56, 0)","(292, 65, 0)","(297, 30, 0)","(310, 39, 0)","(315, 54, 0)","(323, 59, 0)","(330, 39, 0)","(337, 51, 0)","(339, 67, 0)","(354, 59, 0)","(358, 52, 0)","(362, 65, 0)","(364, 78, 0)",Grasp
18,"(360, 167, 0)","(310, 148, 0)","(287, 115, 0)","(287, 86, 0)","(299, 66, 0)","(266, 81, 0)","(275, 40, 0)","(290, 47, 0)","(293, 60, 0)","(294, 67, 0)","(299, 29, 0)","(310, 39, 0)","(314, 56, 0)","(325, 60, 0)","(330, 39, 0)","(338, 51, 0)","(340, 68, 0)","(356, 60, 0)","(358, 51, 0)","(363, 64, 0)","(364, 78, 0)",Move
19,"(363, 173, 0)","(313, 154, 0)","(289, 120, 0)","(287, 90, 0)","(297, 69, 0)","(268, 85, 0)","(276, 42, 0)","(290, 50, 0)","(292, 66, 0)","(297, 70, 0)","(302, 34, 0)","(313, 44, 0)","(316, 61, 0)","(329, 64, 0)","(332, 41, 0)","(339, 53, 0)","(342, 70, 0)","(359, 63, 0)","(360, 53, 0)","(364, 67, 0)","(366, 81, 0)",Move
20,"(366, 178, 0)","(315, 159, 0)","(291, 125, 0)","(288, 95, 0)","(299, 75, 0)","(271, 89, 0)","(278, 44, 0)","(290, 53, 0)","(292, 68, 0)","(300, 76, 0)","(306, 39, 0)","(314, 49, 0)","(317, 66, 0)","(332, 70, 0)","(334, 47, 0)","(340, 59, 0)","(342, 76, 0)","(362, 71, 0)","(360, 60, 0)","(364, 74, 0)","(366, 88, 0)",Move
21,"(370, 188, 0)","(319, 168, 0)","(295, 133, 0)","(294, 102, 0)","(307, 82, 0)","(275, 95, 0)","(283, 52, 0)","(293, 65, 0)","(293, 80, 0)","(304, 82, 0)","(310, 45, 0)","(316, 57, 0)","(319, 74, 0)","(336, 77, 0)","(338, 55, 0)","(341, 68, 0)","(343, 85, 0)","(366, 79, 0)","(363, 70, 0)","(365, 85, 0)","(367, 99, 0)",Move
22,"(370, 188, 0)","(317, 168, 0)","(295, 133, 0)","(292, 103, 0)","(303, 84, 0)","(275, 95, 0)","(279, 52, 0)","(293, 64, 0)","(296, 81, 0)","(304, 82, 0)","(308, 44, 0)","(317, 57, 0)","(319, 76, 0)","(336, 77, 0)","(338, 56, 0)","(344, 70, 0)","(346, 86, 0)","(366, 79, 0)","(365, 70, 0)","(369, 85, 0)","(370, 99, 0)",Move
23,"(376, 198, 0)","(323, 179, 0)","(300, 142, 0)","(299, 109, 0)","(312, 88, 0)","(280, 104, 0)","(287, 60, 0)","(297, 73, 0)","(298, 89, 0)","(310, 91, 0)","(314, 53, 0)","(320, 66, 0)","(322, 83, 0)","(343, 87, 0)","(342, 67, 0)","(345, 80, 0)","(347, 97, 0)","(373, 88, 0)","(369, 82, 0)","(370, 97, 0)","(371, 111, 0)",Move
24,"(383, 210, 0)","(329, 193, 0)","(304, 155, 0)","(302, 120, 0)","(316, 98, 0)","(288, 115, 0)","(288, 69, 0)","(298, 83, 0)","(301, 99, 0)","(321, 101, 0)","(318, 63, 0)","(322, 76, 0)","(325, 93, 0)","(353, 98, 0)","(348, 80, 0)","(349, 94, 0)","(351, 110, 0)","(383, 100, 0)","(375, 96, 0)","(375, 110, 0)","(376, 124, 0)",Move
25,"(391, 223, 0)","(335, 205, 0)","(309, 167, 0)","(308, 133, 0)","(321, 111, 0)","(296, 128, 0)","(289, 79, 0)","(301, 93, 0)","(306, 110, 0)","(328, 114, 0)","(321, 74, 0)","(326, 88, 0)","(329, 107, 0)","(361, 111, 0)","(351, 94, 0)","(353, 107, 0)","(356, 123, 0)","(389, 113, 0)","(377, 106, 0)","(377, 119, 0)","(380, 134, 0)",Move
26,"(401, 238, 0)","(342, 220, 0)","(315, 182, 0)","(314, 148, 0)","(326, 126, 0)","(307, 141, 0)","(296, 93, 0)","(306, 108, 0)","(310, 126, 0)","(340, 128, 0)","(329, 90, 0)","(331, 104, 0)","(334, 123, 0)","(371, 124, 0)","(360, 108, 0)","(360, 121, 0)","(363, 137, 0)","(397, 127, 0)","(384, 120, 0)","(383, 134, 0)","(385, 148, 0)",Move
27,"(403, 238, 0)","(345, 223, 0)","(317, 186, 0)","(312, 151, 0)","(322, 129, 0)","(308, 141, 0)","(296, 95, 0)","(304, 110, 0)","(310, 128, 0)","(340, 128, 0)","(328, 90, 0)","(329, 105, 0)","(333, 124, 0)","(372, 125, 0)","(358, 106, 0)","(358, 119, 0)","(362, 136, 0)","(398, 128, 0)","(383, 120, 0)","(382, 133, 0)","(385, 147, 0)",Move
28,"(415, 252, 0)","(354, 237, 0)","(323, 198, 0)","(317, 161, 0)","(324, 139, 0)","(320, 155, 0)","(307, 108, 0)","(313, 123, 0)","(318, 139, 0)","(354, 142, 0)","(337, 105, 0)","(337, 119, 0)","(341, 137, 0)","(385, 139, 0)","(365, 116, 0)","(363, 129, 0)","(366, 145, 0)","(409, 141, 0)","(388, 128, 0)","(386, 140, 0)","(390, 155, 0)",Move
29,"(421, 267, 0)","(484, 254, 0)","(509, 220, 0)","(521, 182, 0)","(520, 159, 0)","(519, 175, 0)","(532, 126, 0)","(525, 138, 0)","(519, 154, 0)","(487, 160, 0)","(505, 121, 0)","(503, 135, 0)","(498, 152, 0)","(456, 156, 0)","(478, 134, 0)","(478, 147, 0)","(471, 162, 0)","(429, 159, 0)","(453, 149, 0)","(453, 163, 0)","(448, 178, 0)",Move
30,"(407, 282, 0)","(471, 269, 0)","(498, 231, 0)","(507, 190, 0)","(504, 165, 0)","(504, 192, 0)","(520, 142, 0)","(515, 160, 0)","(509, 176, 0)","(471, 176, 0)","(493, 136, 0)","(493, 153, 0)","(488, 170, 0)","(441, 172, 0)","(466, 148, 0)","(467, 164, 0)","(460, 179, 0)","(415, 176, 0)","(442, 165, 0)","(443, 181, 0)","(437, 195, 0)",Move
31,"(394, 297, 0)","(458, 283, 0)","(487, 243, 0)","(501, 199, 0)","(506, 171, 0)","(489, 210, 0)","(505, 156, 0)","(505, 171, 0)","(501, 188, 0)","(456, 194, 0)","(480, 151, 0)","(483, 166, 0)","(479, 182, 0)","(427, 189, 0)","(453, 161, 0)","(456, 175, 0)","(450, 190, 0)","(403, 191, 0)","(430, 177, 0)","(431, 191, 0)","(426, 204, 0)",Move
32,"(393, 296, 0)","(457, 284, 0)","(486, 244, 0)","(501, 200, 0)","(506, 172, 0)","(491, 210, 0)","(505, 157, 0)","(503, 172, 0)","(499, 188, 0)","(458, 194, 0)","(479, 152, 0)","(479, 167, 0)","(475, 184, 0)","(427, 190, 0)","(451, 164, 0)","(453, 180, 0)","(446, 195, 0)","(401, 192, 0)","(428, 179, 0)","(427, 193, 0)","(421, 207, 0)",Move
33,"(377, 313, 0)","(442, 299, 0)","(471, 259, 0)","(486, 216, 0)","(490, 187, 0)","(470, 224, 0)","(490, 170, 0)","(498, 170, 0)","(499, 178, 0)","(438, 209, 0)","(465, 165, 0)","(470, 177, 0)","(468, 192, 0)","(410, 205, 0)","(439, 178, 0)","(444, 191, 0)","(438, 206, 0)","(388, 209, 0)","(416, 195, 0)","(419, 207, 0)","(414, 222, 0)",Move
34,"(362, 331, 0)","(427, 316, 0)","(454, 278, 0)","(467, 239, 0)","(469, 212, 0)","(454, 242, 0)","(476, 188, 0)","(487, 182, 0)","(490, 187, 0)","(420, 225, 0)","(449, 177, 0)","(459, 185, 0)","(461, 199, 0)","(393, 222, 0)","(423, 192, 0)","(433, 203, 0)","(430, 216, 0)","(371, 227, 0)","(400, 212, 0)","(407, 223, 0)","(405, 238, 0)",Move
35,"(346, 346, 0)","(410, 333, 0)","(439, 296, 0)","(453, 256, 0)","(456, 230, 0)","(434, 256, 0)","(462, 204, 0)","(470, 205, 0)","(470, 214, 0)","(401, 238, 0)","(435, 190, 0)","(445, 199, 0)","(445, 214, 0)","(375, 234, 0)","(408, 211, 0)","(417, 224, 0)","(414, 238, 0)","(355, 239, 0)","(386, 229, 0)","(393, 242, 0)","(389, 257, 0)",Move
36,"(331, 359, 0)","(394, 346, 0)","(424, 308, 0)","(439, 269, 0)","(442, 242, 0)","(418, 270, 0)","(447, 218, 0)","(458, 218, 0)","(459, 226, 0)","(384, 253, 0)","(420, 205, 0)","(431, 215, 0)","(431, 231, 0)","(359, 249, 0)","(392, 220, 0)","(404, 232, 0)","(403, 246, 0)","(340, 254, 0)","(371, 241, 0)","(379, 253, 0)","(377, 267, 0)",Move
37,"(330, 358, 0)","(393, 345, 0)","(423, 307, 0)","(436, 267, 0)","(440, 242, 0)","(417, 272, 0)","(447, 218, 0)","(459, 217, 0)","(459, 226, 0)","(384, 254, 0)","(420, 204, 0)","(431, 215, 0)","(430, 231, 0)","(358, 249, 0)","(393, 221, 0)","(404, 234, 0)","(401, 247, 0)","(339, 253, 0)","(372, 240, 0)","(380, 252, 0)","(376, 265, 0)",Move
38,"(314, 371, 0)","(379, 356, 0)","(408, 317, 0)","(424, 278, 0)","(430, 250, 0)","(400, 282, 0)","(428, 230, 0)","(440, 229, 0)","(444, 237, 0)","(367, 265, 0)","(400, 217, 0)","(413, 225, 0)","(417, 239, 0)","(341, 260, 0)","(373, 233, 0)","(385, 243, 0)","(384, 257, 0)","(321, 265, 0)","(351, 253, 0)","(360, 263, 0)","(359, 277, 0)",Move
39,"(297, 383, 0)","(361, 369, 0)","(392, 328, 0)","(411, 285, 0)","(420, 255, 0)","(381, 291, 0)","(408, 242, 0)","(422, 240, 0)","(427, 245, 0)","(348, 276, 0)","(380, 229, 0)","(394, 235, 0)","(399, 249, 0)","(322, 273, 0)","(355, 244, 0)","(368, 252, 0)","(370, 263, 0)","(304, 278, 0)","(335, 263, 0)","(345, 271, 0)","(345, 284, 0)",Move
40,"(282, 394, 0)","(343, 380, 0)","(374, 342, 0)","(393, 301, 0)","(401, 270, 0)","(362, 301, 0)","(391, 251, 0)","(406, 245, 0)","(412, 248, 0)","(329, 286, 0)","(362, 238, 0)","(377, 241, 0)","(384, 253, 0)","(304, 283, 0)","(337, 253, 0)","(351, 260, 0)","(355, 272, 0)","(286, 289, 0)","(316, 272, 0)","(326, 279, 0)","(329, 291, 0)",Move
41,"(269, 402, 0)","(327, 387, 0)","(357, 348, 0)","(375, 307, 0)","(382, 276, 0)","(342, 307, 0)","(370, 258, 0)","(387, 250, 0)","(397, 250, 0)","(310, 293, 0)","(345, 244, 0)","(363, 245, 0)","(374, 255, 0)","(286, 291, 0)","(323, 261, 0)","(340, 265, 0)","(347, 273, 0)","(270, 296, 0)","(302, 279, 0)","(316, 284, 0)","(321, 293, 0)",Move
42,"(266, 401, 0)","(325, 388, 0)","(356, 348, 0)","(371, 307, 0)","(380, 279, 0)","(341, 307, 0)","(370, 259, 0)","(386, 249, 0)","(395, 249, 0)","(308, 292, 0)","(343, 243, 0)","(361, 245, 0)","(370, 254, 0)","(284, 291, 0)","(319, 261, 0)","(337, 266, 0)","(342, 276, 0)","(269, 297, 0)","(300, 278, 0)","(314, 284, 0)","(318, 294, 0)",Move
43,"(257, 409, 0)","(315, 392, 0)","(344, 351, 0)","(358, 308, 0)","(366, 276, 0)","(329, 312, 0)","(354, 262, 0)","(371, 252, 0)","(381, 251, 0)","(296, 299, 0)","(329, 248, 0)","(348, 249, 0)","(358, 258, 0)","(272, 298, 0)","(307, 264, 0)","(325, 267, 0)","(333, 275, 0)","(256, 303, 0)","(288, 282, 0)","(303, 286, 0)","(309, 294, 0)",Move
44,"(245, 417, 0)","(304, 398, 0)","(331, 355, 0)","(341, 312, 0)","(348, 280, 0)","(316, 317, 0)","(339, 267, 0)","(354, 250, 0)","(363, 239, 0)","(282, 304, 0)","(314, 256, 0)","(333, 254, 0)","(343, 260, 0)","(258, 303, 0)","(292, 268, 0)","(310, 269, 0)","(319, 275, 0)","(243, 309, 0)","(273, 285, 0)","(289, 288, 0)","(296, 295, 0)",Move
45,"(237, 421, 0)","(295, 401, 0)","(322, 359, 0)","(330, 316, 0)","(336, 285, 0)","(306, 321, 0)","(326, 269, 0)","(339, 251, 0)","(347, 241, 0)","(273, 309, 0)","(303, 260, 0)","(321, 257, 0)","(332, 262, 0)","(249, 308, 0)","(280, 270, 0)","(299, 271, 0)","(307, 277, 0)","(234, 313, 0)","(263, 288, 0)","(279, 289, 0)","(287, 295, 0)",Move
46,"(232, 420, 0)","(290, 399, 0)","(316, 360, 0)","(325, 321, 0)","(330, 295, 0)","(299, 321, 0)","(323, 271, 0)","(336, 263, 0)","(342, 264, 0)","(266, 309, 0)","(299, 260, 0)","(314, 263, 0)","(320, 272, 0)","(243, 309, 0)","(274, 271, 0)","(290, 275, 0)","(295, 284, 0)","(227, 316, 0)","(254, 288, 0)","(269, 291, 0)","(275, 299, 0)",Move
47,"(230, 420, 0)","(287, 399, 0)","(312, 359, 0)","(319, 320, 0)","(321, 295, 0)","(298, 322, 0)","(321, 271, 0)","(335, 264, 0)","(342, 265, 0)","(266, 309, 0)","(298, 260, 0)","(314, 264, 0)","(319, 275, 0)","(242, 307, 0)","(273, 271, 0)","(289, 278, 0)","(293, 288, 0)","(225, 313, 0)","(254, 288, 0)","(268, 292, 0)","(272, 302, 0)",Move
48,"(227, 422, 0)","(283, 400, 0)","(307, 361, 0)","(317, 323, 0)","(322, 298, 0)","(294, 323, 0)","(317, 275, 0)","(331, 270, 0)","(338, 273, 0)","(262, 311, 0)","(293, 264, 0)","(309, 267, 0)","(316, 274, 0)","(238, 310, 0)","(268, 275, 0)","(284, 279, 0)","(289, 287, 0)","(221, 317, 0)","(248, 292, 0)","(262, 295, 0)","(268, 303, 0)",Move
49,"(226, 421, 0)","(281, 400, 0)","(304, 361, 0)","(313, 323, 0)","(318, 300, 0)","(291, 323, 0)","(315, 272, 0)","(329, 275, 0)","(332, 285, 0)","(260, 310, 0)","(291, 263, 0)","(307, 271, 0)","(310, 283, 0)","(235, 310, 0)","(265, 277, 0)","(280, 285, 0)","(282, 297, 0)","(217, 318, 0)","(244, 295, 0)","(257, 301, 0)","(259, 312, 0)",Move
50,"(225, 420, 0)","(282, 397, 0)","(303, 357, 0)","(311, 320, 0)","(313, 296, 0)","(290, 324, 0)","(314, 273, 0)","(327, 272, 0)","(331, 281, 0)","(258, 311, 0)","(287, 261, 0)","(303, 267, 0)","(307, 279, 0)","(233, 311, 0)","(261, 274, 0)","(277, 281, 0)","(281, 292, 0)","(215, 317, 0)","(240, 293, 0)","(254, 297, 0)","(258, 308, 0)",Move
51,"(228, 420, 0)","(283, 396, 0)","(303, 358, 0)","(309, 323, 0)","(309, 300, 0)","(294, 325, 0)","(313, 275, 0)","(325, 270, 0)","(329, 277, 0)","(262, 312, 0)","(285, 259, 0)","(300, 261, 0)","(306, 272, 0)","(236, 310, 0)","(260, 276, 0)","(275, 282, 0)","(278, 294, 0)","(216, 317, 0)","(239, 294, 0)","(251, 299, 0)","(254, 309, 0)",Move
52,"(228, 420, 0)","(283, 395, 0)","(303, 356, 0)","(307, 321, 0)","(305, 298, 0)","(293, 325, 0)","(314, 275, 0)","(326, 272, 0)","(329, 280, 0)","(261, 312, 0)","(285, 258, 0)","(301, 260, 0)","(307, 271, 0)","(235, 310, 0)","(261, 276, 0)","(275, 284, 0)","(278, 295, 0)","(215, 316, 0)","(240, 295, 0)","(252, 301, 0)","(255, 312, 0)",Move
53,"(230, 418, 0)","(284, 393, 0)","(305, 355, 0)","(309, 319, 0)","(308, 297, 0)","(295, 322, 0)","(316, 272, 0)","(327, 273, 0)","(327, 283, 0)","(264, 310, 0)","(289, 259, 0)","(302, 263, 0)","(305, 275, 0)","(238, 308, 0)","(263, 271, 0)","(277, 277, 0)","(279, 288, 0)","(218, 314, 0)","(242, 288, 0)","(254, 292, 0)","(257, 302, 0)",Position
54,"(233, 414, 0)","(288, 390, 0)","(308, 352, 0)","(313, 315, 0)","(310, 293, 0)","(299, 318, 0)","(318, 269, 0)","(325, 283, 0)","(321, 300, 0)","(267, 306, 0)","(291, 258, 0)","(301, 271, 0)","(299, 287, 0)","(241, 305, 0)","(264, 268, 0)","(275, 279, 0)","(273, 293, 0)","(220, 311, 0)","(243, 285, 0)","(253, 293, 0)","(252, 305, 0)",Position
55,"(236, 410, 0)","(290, 386, 0)","(309, 348, 0)","(314, 313, 0)","(310, 291, 0)","(304, 315, 0)","(319, 268, 0)","(325, 281, 0)","(321, 297, 0)","(273, 304, 0)","(293, 257, 0)","(302, 270, 0)","(300, 286, 0)","(246, 303, 0)","(266, 266, 0)","(276, 277, 0)","(275, 291, 0)","(224, 309, 0)","(245, 283, 0)","(255, 290, 0)","(255, 302, 0)",Position
56,"(239, 407, 0)","(292, 384, 0)","(312, 348, 0)","(316, 314, 0)","(312, 292, 0)","(308, 313, 0)","(321, 268, 0)","(326, 279, 0)","(322, 294, 0)","(278, 303, 0)","(295, 256, 0)","(303, 269, 0)","(301, 284, 0)","(250, 301, 0)","(268, 266, 0)","(277, 277, 0)","(276, 291, 0)","(227, 308, 0)","(247, 282, 0)","(256, 290, 0)","(255, 302, 0)",Position
57,"(239, 407, 0)","(292, 385, 0)","(311, 348, 0)","(313, 312, 0)","(307, 290, 0)","(308, 314, 0)","(322, 269, 0)","(325, 280, 0)","(321, 295, 0)","(278, 302, 0)","(297, 257, 0)","(304, 268, 0)","(302, 282, 0)","(250, 300, 0)","(269, 265, 0)","(278, 276, 0)","(276, 290, 0)","(228, 307, 0)","(248, 281, 0)","(256, 290, 0)","(255, 302, 0)",Position
58,"(240, 405, 0)","(294, 384, 0)","(314, 348, 0)","(318, 312, 0)","(312, 291, 0)","(311, 312, 0)","(324, 267, 0)","(326, 280, 0)","(322, 296, 0)","(281, 301, 0)","(298, 255, 0)","(304, 269, 0)","(302, 285, 0)","(253, 299, 0)","(270, 264, 0)","(278, 276, 0)","(275, 290, 0)","(230, 305, 0)","(249, 280, 0)","(257, 289, 0)","(254, 301, 0)",Position
59,"(242, 403, 0)","(296, 382, 0)","(314, 346, 0)","(316, 310, 0)","(308, 289, 0)","(314, 312, 0)","(325, 266, 0)","(325, 280, 0)","(319, 297, 0)","(283, 300, 0)","(299, 255, 0)","(303, 271, 0)","(299, 287, 0)","(255, 298, 0)","(271, 264, 0)","(277, 278, 0)","(273, 293, 0)","(231, 304, 0)","(250, 279, 0)","(255, 290, 0)","(252, 303, 0)",Position
60,"(243, 403, 0)","(295, 383, 0)","(314, 348, 0)","(316, 313, 0)","(308, 293, 0)","(314, 313, 0)","(326, 267, 0)","(326, 278, 0)","(321, 293, 0)","(285, 302, 0)","(301, 255, 0)","(303, 269, 0)","(300, 284, 0)","(257, 299, 0)","(272, 263, 0)","(278, 276, 0)","(275, 290, 0)","(234, 305, 0)","(250, 277, 0)","(256, 287, 0)","(253, 300, 0)",Position
61,"(244, 402, 0)","(295, 382, 0)","(315, 346, 0)","(317, 311, 0)","(308, 290, 0)","(315, 314, 0)","(328, 266, 0)","(326, 278, 0)","(320, 295, 0)","(286, 302, 0)","(302, 254, 0)","(304, 269, 0)","(300, 285, 0)","(258, 299, 0)","(274, 262, 0)","(278, 275, 0)","(275, 290, 0)","(235, 304, 0)","(252, 276, 0)","(257, 287, 0)","(254, 300, 0)",Position
62,"(244, 401, 0)","(295, 382, 0)","(316, 347, 0)","(317, 311, 0)","(309, 290, 0)","(315, 313, 0)","(328, 265, 0)","(327, 278, 0)","(320, 295, 0)","(286, 302, 0)","(302, 255, 0)","(304, 270, 0)","(300, 285, 0)","(258, 299, 0)","(274, 262, 0)","(279, 276, 0)","(276, 290, 0)","(235, 304, 0)","(252, 276, 0)","(257, 287, 0)","(254, 300, 0)",Position
63,"(245, 401, 0)","(296, 382, 0)","(316, 346, 0)","(318, 311, 0)","(310, 289, 0)","(316, 313, 0)","(329, 265, 0)","(327, 277, 0)","(321, 293, 0)","(288, 301, 0)","(303, 254, 0)","(304, 269, 0)","(301, 284, 0)","(260, 298, 0)","(275, 262, 0)","(279, 275, 0)","(276, 289, 0)","(236, 304, 0)","(253, 276, 0)","(258, 286, 0)","(255, 299, 0)",Position
64,"(245, 401, 0)","(296, 381, 0)","(317, 345, 0)","(318, 310, 0)","(309, 289, 0)","(317, 313, 0)","(329, 265, 0)","(327, 276, 0)","(321, 293, 0)","(288, 301, 0)","(302, 254, 0)","(304, 268, 0)","(301, 284, 0)","(260, 298, 0)","(275, 262, 0)","(280, 275, 0)","(276, 289, 0)","(236, 304, 0)","(253, 276, 0)","(258, 287, 0)","(255, 299, 0)",Position
65,"(246, 402, 0)","(296, 381, 0)","(317, 345, 0)","(318, 311, 0)","(308, 289, 0)","(317, 313, 0)","(329, 265, 0)","(328, 275, 0)","(322, 292, 0)","(288, 301, 0)","(303, 254, 0)","(305, 267, 0)","(301, 283, 0)","(260, 298, 0)","(275, 261, 0)","(280, 274, 0)","(277, 288, 0)","(237, 303, 0)","(253, 276, 0)","(258, 286, 0)","(255, 299, 0)",Position
66,"(247, 401, 0)","(297, 380, 0)","(317, 345, 0)","(318, 310, 0)","(308, 289, 0)","(317, 313, 0)","(328, 264, 0)","(327, 275, 0)","(322, 292, 0)","(288, 301, 0)","(302, 254, 0)","(305, 267, 0)","(301, 283, 0)","(260, 298, 0)","(275, 261, 0)","(280, 274, 0)","(277, 288, 0)","(236, 303, 0)","(253, 275, 0)","(258, 286, 0)","(255, 299, 0)",Position
67,"(247, 401, 0)","(297, 381, 0)","(317, 345, 0)","(318, 310, 0)","(308, 288, 0)","(317, 313, 0)","(328, 264, 0)","(327, 275, 0)","(321, 291, 0)","(288, 301, 0)","(302, 254, 0)","(305, 267, 0)","(301, 283, 0)","(260, 298, 0)","(275, 261, 0)","(280, 274, 0)","(277, 287, 0)","(237, 303, 0)","(253, 275, 0)","(258, 286, 0)","(255, 298, 0)",Position
68,"(247, 401, 0)","(297, 381, 0)","(317, 345, 0)","(319, 310, 0)","(311, 288, 0)","(317, 313, 0)","(326, 265, 0)","(326, 275, 0)","(321, 291, 0)","(288, 301, 0)","(302, 254, 0)","(304, 268, 0)","(301, 283, 0)","(260, 299, 0)","(275, 261, 0)","(279, 274, 0)","(276, 288, 0)","(236, 304, 0)","(253, 276, 0)","(258, 287, 0)","(255, 300, 0)",Position
69,"(247, 402, 0)","(297, 381, 0)","(317, 345, 0)","(318, 310, 0)","(310, 289, 0)","(316, 312, 0)","(326, 265, 0)","(326, 276, 0)","(321, 292, 0)","(288, 301, 0)","(302, 254, 0)","(304, 268, 0)","(300, 284, 0)","(260, 299, 0)","(274, 261, 0)","(279, 275, 0)","(276, 288, 0)","(236, 304, 0)","(253, 276, 0)","(257, 287, 0)","(254, 299, 0)",Position
70,"(247, 402, 0)","(297, 381, 0)","(317, 345, 0)","(319, 310, 0)","(311, 288, 0)","(316, 312, 0)","(326, 265, 0)","(326, 276, 0)","(321, 291, 0)","(288, 301, 0)","(302, 255, 0)","(304, 269, 0)","(301, 284, 0)","(260, 298, 0)","(274, 261, 0)","(279, 274, 0)","(276, 288, 0)","(236, 304, 0)","(253, 275, 0)","(257, 286, 0)","(254, 299, 0)",Position
71,"(247, 401, 0)","(297, 381, 0)","(316, 344, 0)","(318, 309, 0)","(310, 287, 0)","(316, 312, 0)","(326, 264, 0)","(326, 274, 0)","(320, 290, 0)","(287, 301, 0)","(302, 254, 0)","(304, 268, 0)","(300, 284, 0)","(260, 299, 0)","(274, 261, 0)","(279, 274, 0)","(276, 288, 0)","(236, 303, 0)","(253, 275, 0)","(257, 286, 0)","(254, 298, 0)",Position
72,"(247, 402, 0)","(297, 382, 0)","(316, 346, 0)","(318, 310, 0)","(309, 289, 0)","(316, 312, 0)","(326, 265, 0)","(326, 275, 0)","(320, 291, 0)","(287, 301, 0)","(302, 255, 0)","(304, 268, 0)","(300, 284, 0)","(260, 299, 0)","(274, 261, 0)","(279, 274, 0)","(276, 288, 0)","(236, 304, 0)","(252, 276, 0)","(257, 286, 0)","(254, 298, 0)",Release
73,"(247, 401, 0)","(296, 381, 0)","(316, 345, 0)","(318, 310, 0)","(310, 288, 0)","(316, 312, 0)","(327, 264, 0)","(326, 272, 0)","(320, 287, 0)","(287, 301, 0)","(302, 255, 0)","(304, 267, 0)","(300, 283, 0)","(260, 299, 0)","(274, 262, 0)","(279, 274, 0)","(276, 288, 0)","(236, 304, 0)","(253, 276, 0)","(257, 287, 0)","(254, 299, 0)",Release
74,"(247, 402, 0)","(297, 382, 0)","(316, 345, 0)","(318, 309, 0)","(308, 288, 0)","(316, 312, 0)","(326, 264, 0)","(326, 273, 0)","(320, 288, 0)","(287, 301, 0)","(301, 255, 0)","(304, 267, 0)","(300, 283, 0)","(260, 299, 0)","(274, 262, 0)","(279, 274, 0)","(276, 288, 0)","(236, 304, 0)","(253, 277, 0)","(257, 287, 0)","(254, 300, 0)",Release
75,"(246, 402, 0)","(296, 382, 0)","(316, 346, 0)","(317, 310, 0)","(308, 289, 0)","(315, 313, 0)","(325, 264, 0)","(326, 273, 0)","(320, 288, 0)","(286, 302, 0)","(301, 255, 0)","(304, 268, 0)","(300, 283, 0)","(259, 300, 0)","(274, 262, 0)","(279, 275, 0)","(275, 289, 0)","(235, 305, 0)","(252, 277, 0)","(257, 288, 0)","(254, 300, 0)",Release
76,"(246, 403, 0)","(296, 383, 0)","(315, 346, 0)","(317, 311, 0)","(308, 290, 0)","(314, 314, 0)","(325, 264, 0)","(326, 272, 0)","(320, 287, 0)","(286, 303, 0)","(301, 255, 0)","(304, 267, 0)","(300, 281, 0)","(259, 300, 0)","(273, 263, 0)","(279, 274, 0)","(276, 288, 0)","(235, 306, 0)","(251, 278, 0)","(257, 288, 0)","(254, 300, 0)",Release
77,"(246, 403, 0)","(296, 382, 0)","(315, 345, 0)","(316, 310, 0)","(307, 289, 0)","(314, 314, 0)","(325, 264, 0)","(325, 273, 0)","(319, 289, 0)","(285, 302, 0)","(300, 255, 0)","(303, 268, 0)","(299, 283, 0)","(258, 300, 0)","(273, 263, 0)","(278, 275, 0)","(275, 289, 0)","(235, 305, 0)","(252, 278, 0)","(257, 289, 0)","(254, 301, 0)",Release
78,"(245, 404, 0)","(295, 383, 0)","(315, 346, 0)","(316, 311, 0)","(307, 290, 0)","(313, 314, 0)","(325, 265, 0)","(325, 273, 0)","(320, 288, 0)","(285, 303, 0)","(300, 256, 0)","(303, 268, 0)","(299, 282, 0)","(257, 301, 0)","(273, 264, 0)","(278, 276, 0)","(274, 289, 0)","(234, 306, 0)","(251, 279, 0)","(256, 289, 0)","(253, 301, 0)",Release
79,"(245, 405, 0)","(295, 384, 0)","(314, 347, 0)","(315, 312, 0)","(306, 290, 0)","(314, 315, 0)","(325, 266, 0)","(325, 272, 0)","(319, 286, 0)","(285, 304, 0)","(300, 256, 0)","(304, 266, 0)","(300, 280, 0)","(257, 301, 0)","(273, 264, 0)","(278, 275, 0)","(274, 289, 0)","(234, 307, 0)","(251, 280, 0)","(256, 290, 0)","(253, 301, 0)",Release
80,"(245, 406, 0)","(296, 384, 0)","(314, 347, 0)","(316, 312, 0)","(307, 291, 0)","(314, 316, 0)","(326, 267, 0)","(326, 273, 0)","(320, 287, 0)","(285, 305, 0)","(300, 256, 0)","(304, 266, 0)","(301, 279, 0)","(257, 302, 0)","(273, 264, 0)","(278, 275, 0)","(275, 289, 0)","(234, 307, 0)","(251, 280, 0)","(256, 289, 0)","(254, 301, 0)",Reach
81,"(246, 406, 0)","(297, 386, 0)","(316, 349, 0)","(319, 314, 0)","(312, 292, 0)","(316, 317, 0)","(328, 267, 0)","(329, 274, 0)","(324, 288, 0)","(287, 305, 0)","(302, 256, 0)","(306, 267, 0)","(303, 280, 0)","(258, 302, 0)","(274, 263, 0)","(280, 274, 0)","(277, 288, 0)","(235, 307, 0)","(252, 279, 0)","(258, 288, 0)","(256, 299, 0)",Reach
82,"(246, 406, 0)","(296, 386, 0)","(316, 349, 0)","(318, 314, 0)","(311, 291, 0)","(315, 317, 0)","(328, 267, 0)","(328, 271, 0)","(322, 283, 0)","(287, 305, 0)","(302, 257, 0)","(306, 266, 0)","(302, 279, 0)","(259, 302, 0)","(275, 264, 0)","(280, 275, 0)","(276, 288, 0)","(235, 307, 0)","(252, 280, 0)","(258, 289, 0)","(255, 300, 0)",Reach
83,"(248, 407, 0)","(300, 387, 0)","(319, 349, 0)","(323, 314, 0)","(318, 292, 0)","(319, 317, 0)","(332, 266, 0)","(333, 274, 0)","(327, 290, 0)","(290, 306, 0)","(305, 256, 0)","(309, 267, 0)","(306, 282, 0)","(261, 303, 0)","(277, 263, 0)","(283, 274, 0)","(280, 288, 0)","(237, 308, 0)","(254, 279, 0)","(261, 288, 0)","(259, 299, 0)",Reach
84,"(252, 407, 0)","(305, 386, 0)","(325, 350, 0)","(331, 315, 0)","(327, 293, 0)","(325, 318, 0)","(337, 265, 0)","(337, 277, 0)","(332, 294, 0)","(295, 307, 0)","(311, 256, 0)","(314, 271, 0)","(310, 287, 0)","(266, 304, 0)","(282, 262, 0)","(288, 275, 0)","(285, 290, 0)","(242, 308, 0)","(260, 278, 0)","(266, 287, 0)","(264, 299, 0)",Reach
85,"(259, 406, 0)","(311, 385, 0)","(334, 349, 0)","(339, 315, 0)","(336, 293, 0)","(334, 318, 0)","(348, 264, 0)","(349, 271, 0)","(345, 286, 0)","(304, 306, 0)","(320, 255, 0)","(325, 266, 0)","(322, 282, 0)","(276, 302, 0)","(292, 261, 0)","(299, 273, 0)","(296, 288, 0)","(251, 305, 0)","(269, 276, 0)","(276, 286, 0)","(273, 298, 0)",Reach
86,"(272, 403, 0)","(325, 384, 0)","(347, 351, 0)","(353, 318, 0)","(351, 297, 0)","(347, 317, 0)","(364, 263, 0)","(366, 268, 0)","(360, 281, 0)","(318, 304, 0)","(336, 251, 0)","(341, 262, 0)","(337, 278, 0)","(289, 300, 0)","(307, 258, 0)","(314, 271, 0)","(310, 285, 0)","(265, 303, 0)","(285, 274, 0)","(292, 284, 0)","(289, 297, 0)",Reach
87,"(271, 403, 0)","(325, 384, 0)","(347, 349, 0)","(351, 315, 0)","(344, 293, 0)","(348, 316, 0)","(366, 264, 0)","(367, 273, 0)","(360, 290, 0)","(319, 302, 0)","(338, 252, 0)","(343, 263, 0)","(338, 278, 0)","(290, 298, 0)","(309, 259, 0)","(315, 271, 0)","(311, 285, 0)","(266, 301, 0)","(286, 273, 0)","(291, 283, 0)","(287, 295, 0)",Reach
88,"(284, 400, 0)","(339, 382, 0)","(362, 348, 0)","(368, 315, 0)","(364, 294, 0)","(366, 313, 0)","(384, 262, 0)","(383, 265, 0)","(376, 278, 0)","(337, 299, 0)","(355, 250, 0)","(358, 260, 0)","(354, 274, 0)","(308, 295, 0)","(326, 257, 0)","(330, 269, 0)","(326, 282, 0)","(283, 299, 0)","(303, 271, 0)","(308, 281, 0)","(305, 294, 0)",Reach
89,"(303, 393, 0)","(357, 377, 0)","(379, 345, 0)","(387, 313, 0)","(385, 292, 0)","(386, 312, 0)","(406, 259, 0)","(407, 258, 0)","(402, 267, 0)","(357, 296, 0)","(378, 244, 0)","(382, 251, 0)","(380, 264, 0)","(329, 290, 0)","(348, 250, 0)","(352, 262, 0)","(348, 275, 0)","(303, 292, 0)","(322, 265, 0)","(327, 275, 0)","(324, 289, 0)",Reach
90,"(322, 384, 0)","(376, 369, 0)","(401, 335, 0)","(408, 302, 0)","(403, 280, 0)","(408, 303, 0)","(428, 248, 0)","(428, 252, 0)","(421, 268, 0)","(379, 287, 0)","(401, 235, 0)","(402, 246, 0)","(399, 262, 0)","(351, 280, 0)","(371, 238, 0)","(374, 252, 0)","(370, 266, 0)","(325, 282, 0)","(346, 253, 0)","(349, 264, 0)","(345, 278, 0)",Reach
91,"(339, 369, 0)","(395, 354, 0)","(422, 322, 0)","(431, 287, 0)","(429, 263, 0)","(428, 291, 0)","(448, 236, 0)","(448, 238, 0)","(444, 251, 0)","(399, 275, 0)","(421, 222, 0)","(424, 231, 0)","(420, 245, 0)","(371, 267, 0)","(392, 226, 0)","(395, 240, 0)","(390, 254, 0)","(345, 268, 0)","(366, 238, 0)","(370, 250, 0)","(365, 264, 0)",Reach
92,"(338, 370, 0)","(394, 355, 0)","(421, 322, 0)","(428, 285, 0)","(423, 260, 0)","(430, 292, 0)","(450, 238, 0)","(449, 238, 0)","(442, 250, 0)","(402, 275, 0)","(424, 224, 0)","(424, 232, 0)","(419, 246, 0)","(373, 266, 0)","(394, 227, 0)","(396, 240, 0)","(391, 254, 0)","(346, 266, 0)","(367, 238, 0)","(370, 249, 0)","(367, 262, 0)",Reach
93,"(356, 354, 0)","(412, 340, 0)","(439, 303, 0)","(449, 266, 0)","(445, 242, 0)","(451, 273, 0)","(469, 218, 0)","(464, 224, 0)","(456, 239, 0)","(421, 258, 0)","(441, 207, 0)","(439, 220, 0)","(433, 236, 0)","(391, 250, 0)","(412, 210, 0)","(412, 225, 0)","(405, 240, 0)","(363, 250, 0)","(384, 221, 0)","(385, 234, 0)","(380, 248, 0)",Reach
94,"(371, 334, 0)","(429, 320, 0)","(454, 284, 0)","(464, 246, 0)","(461, 221, 0)","(467, 252, 0)","(483, 201, 0)","(480, 202, 0)","(473, 212, 0)","(438, 237, 0)","(458, 188, 0)","(456, 198, 0)","(450, 211, 0)","(408, 229, 0)","(429, 192, 0)","(428, 204, 0)","(422, 217, 0)","(379, 229, 0)","(400, 202, 0)","(402, 213, 0)","(398, 226, 0)",Reach
95,"(387, 312, 0)","(443, 297, 0)","(469, 260, 0)","(478, 221, 0)","(471, 196, 0)","(483, 229, 0)","(496, 179, 0)","(488, 184, 0)","(479, 196, 0)","(455, 214, 0)","(472, 166, 0)","(466, 178, 0)","(460, 193, 0)","(425, 206, 0)","(441, 171, 0)","(439, 186, 0)","(433, 200, 0)","(396, 207, 0)","(414, 183, 0)","(414, 195, 0)","(409, 209, 0)",Reach
96,"(401, 289, 0)","(458, 275, 0)","(484, 236, 0)","(492, 196, 0)","(487, 170, 0)","(498, 201, 0)","(509, 152, 0)","(501, 161, 0)","(495, 175, 0)","(469, 186, 0)","(484, 142, 0)","(479, 156, 0)","(473, 171, 0)","(438, 180, 0)","(454, 148, 0)","(452, 161, 0)","(446, 176, 0)","(410, 181, 0)","(427, 160, 0)","(427, 173, 0)","(422, 187, 0)",Reach
97,"(401, 289, 0)","(459, 275, 0)","(485, 238, 0)","(492, 199, 0)","(484, 175, 0)","(498, 203, 0)","(509, 153, 0)","(502, 162, 0)","(495, 177, 0)","(469, 187, 0)","(484, 143, 0)","(479, 158, 0)","(473, 174, 0)","(438, 179, 0)","(453, 148, 0)","(451, 163, 0)","(445, 178, 0)","(409, 180, 0)","(426, 159, 0)","(426, 173, 0)","(422, 187, 0)",Reach
98,"(416, 269, 0)","(472, 252, 0)","(495, 214, 0)","(501, 175, 0)","(490, 152, 0)","(511, 177, 0)","(521, 128, 0)","(511, 137, 0)","(504, 153, 0)","(482, 162, 0)","(494, 118, 0)","(487, 132, 0)","(482, 148, 0)","(450, 157, 0)","(464, 127, 0)","(461, 141, 0)","(455, 157, 0)","(421, 159, 0)","(436, 142, 0)","(435, 156, 0)","(431, 170, 0)",Reach
99,"(430, 247, 0)","(486, 229, 0)","(507, 192, 0)","(515, 155, 0)","(506, 133, 0)","(523, 154, 0)","(531, 106, 0)","(522, 113, 0)","(515, 127, 0)","(493, 140, 0)","(504, 97, 0)","(496, 112, 0)","(492, 127, 0)","(461, 136, 0)","(472, 106, 0)","(468, 121, 0)","(464, 137, 0)","(430, 140, 0)","(443, 123, 0)","(442, 138, 0)","(439, 153, 0)",Reach
100,"(441, 228, 0)","(496, 210, 0)","(518, 174, 0)","(526, 137, 0)","(519, 114, 0)","(535, 136, 0)","(544, 90, 0)","(534, 93, 0)","(526, 105, 0)","(505, 121, 0)","(518, 75, 0)","(510, 87, 0)","(505, 103, 0)","(474, 115, 0)","(485, 85, 0)","(482, 103, 0)","(477, 119, 0)","(444, 118, 0)","(457, 103, 0)","(455, 118, 0)","(452, 134, 0)",Reach
101,"(451, 209, 0)","(505, 195, 0)","(528, 161, 0)","(536, 124, 0)","(530, 101, 0)","(546, 119, 0)","(555, 71, 0)","(545, 80, 0)","(539, 94, 0)","(517, 104, 0)","(530, 57, 0)","(523, 73, 0)","(517, 90, 0)","(486, 98, 0)","(498, 69, 0)","(494, 87, 0)","(489, 104, 0)","(455, 103, 0)","(469, 91, 0)","(468, 107, 0)","(465, 123, 0)",Reach
102,"(452, 210, 0)","(506, 195, 0)","(529, 158, 0)","(535, 122, 0)","(527, 100, 0)","(547, 118, 0)","(555, 70, 0)","(545, 81, 0)","(539, 97, 0)","(518, 102, 0)","(531, 58, 0)","(523, 74, 0)","(518, 91, 0)","(485, 97, 0)","(497, 69, 0)","(495, 87, 0)","(490, 104, 0)","(454, 102, 0)","(468, 89, 0)","(468, 106, 0)","(465, 121, 0)",Reach
103,"(460, 197, 0)","(514, 182, 0)","(538, 149, 0)","(546, 114, 0)","(539, 91, 0)","(560, 111, 0)","(570, 66, 0)","(560, 72, 0)","(553, 85, 0)","(531, 93, 0)","(546, 47, 0)","(538, 60, 0)","(532, 75, 0)","(500, 86, 0)","(510, 57, 0)","(507, 74, 0)","(503, 90, 0)","(469, 87, 0)","(483, 74, 0)","(482, 90, 0)","(479, 106, 0)",Reach
104,"(468, 185, 0)","(523, 174, 0)","(549, 140, 0)","(557, 105, 0)","(550, 82, 0)","(569, 103, 0)","(581, 57, 0)","(570, 64, 0)","(563, 78, 0)","(541, 84, 0)","(557, 37, 0)","(549, 49, 0)","(542, 65, 0)","(510, 76, 0)","(521, 44, 0)","(517, 60, 0)","(512, 77, 0)","(479, 77, 0)","(491, 63, 0)","(490, 78, 0)","(488, 94, 0)",Reach
105,"(473, 177, 0)","(528, 169, 0)","(554, 137, 0)","(562, 102, 0)","(553, 79, 0)","(576, 98, 0)","(587, 53, 0)","(575, 58, 0)","(567, 72, 0)","(549, 78, 0)","(565, 32, 0)","(556, 43, 0)","(549, 60, 0)","(517, 68, 0)","(528, 36, 0)","(523, 52, 0)","(518, 69, 0)","(486, 69, 0)","(498, 55, 0)","(497, 71, 0)","(493, 87, 0)",Reach
106,"(478, 171, 0)","(533, 165, 0)","(558, 134, 0)","(566, 100, 0)","(558, 78, 0)","(580, 91, 0)","(588, 46, 0)","(576, 53, 0)","(568, 66, 0)","(553, 71, 0)","(568, 26, 0)","(559, 37, 0)","(552, 54, 0)","(521, 62, 0)","(533, 31, 0)","(527, 46, 0)","(522, 63, 0)","(490, 64, 0)","(501, 53, 0)","(500, 69, 0)","(497, 85, 0)",Grasp
107,"(478, 171, 0)","(532, 164, 0)","(557, 132, 0)","(564, 97, 0)","(556, 76, 0)","(580, 91, 0)","(588, 48, 0)","(576, 54, 0)","(569, 67, 0)","(553, 71, 0)","(568, 27, 0)","(558, 39, 0)","(551, 56, 0)","(521, 63, 0)","(532, 31, 0)","(526, 48, 0)","(520, 65, 0)","(490, 66, 0)","(501, 52, 0)","(499, 69, 0)","(495, 84, 0)",Grasp
108,"(480, 168, 0)","(535, 161, 0)","(561, 127, 0)","(565, 92, 0)","(555, 70, 0)","(582, 86, 0)","(589, 43, 0)","(576, 51, 0)","(569, 66, 0)","(554, 67, 0)","(568, 24, 0)","(558, 36, 0)","(551, 53, 0)","(522, 59, 0)","(532, 27, 0)","(527, 44, 0)","(521, 61, 0)","(492, 61, 0)","(501, 47, 0)","(500, 64, 0)","(497, 79, 0)",Grasp
109,"(480, 165, 0)","(536, 157, 0)","(561, 124, 0)","(566, 89, 0)","(556, 67, 0)","(582, 84, 0)","(589, 42, 0)","(576, 51, 0)","(569, 66, 0)","(554, 64, 0)","(567, 24, 0)","(557, 37, 0)","(550, 54, 0)","(522, 56, 0)","(531, 26, 0)","(525, 42, 0)","(520, 59, 0)","(492, 58, 0)","(500, 43, 0)","(498, 59, 0)","(496, 74, 0)",Grasp
110,"(482, 164, 0)","(536, 154, 0)","(561, 122, 0)","(566, 88, 0)","(558, 66, 0)","(581, 83, 0)","(587, 41, 0)","(574, 51, 0)","(568, 67, 0)","(553, 64, 0)","(566, 24, 0)","(556, 37, 0)","(548, 55, 0)","(521, 56, 0)","(529, 27, 0)","(523, 43, 0)","(518, 60, 0)","(491, 57, 0)","(499, 43, 0)","(497, 59, 0)","(494, 74, 0)",Grasp
111,"(482, 165, 0)","(536, 154, 0)","(560, 121, 0)","(564, 89, 0)","(553, 67, 0)","(580, 84, 0)","(585, 45, 0)","(573, 55, 0)","(566, 71, 0)","(553, 64, 0)","(564, 28, 0)","(552, 42, 0)","(545, 61, 0)","(520, 57, 0)","(528, 29, 0)","(521, 45, 0)","(516, 62, 0)","(489, 58, 0)","(496, 44, 0)","(494, 60, 0)","(491, 75, 0)",Grasp
112,"(483, 164, 0)","(537, 152, 0)","(561, 118, 0)","(565, 85, 0)","(554, 63, 0)","(581, 82, 0)","(585, 41, 0)","(573, 50, 0)","(566, 66, 0)","(553, 64, 0)","(562, 27, 0)","(552, 41, 0)","(545, 60, 0)","(521, 57, 0)","(528, 28, 0)","(521, 44, 0)","(516, 62, 0)","(489, 58, 0)","(496, 44, 0)","(494, 60, 0)","(492, 74, 0)",Grasp
113,"(482, 166, 0)","(535, 155, 0)","(557, 122, 0)","(560, 90, 0)","(550, 70, 0)","(579, 86, 0)","(584, 48, 0)","(572, 58, 0)","(566, 73, 0)","(552, 67, 0)","(561, 33, 0)","(551, 46, 0)","(544, 63, 0)","(520, 59, 0)","(528, 31, 0)","(521, 47, 0)","(516, 63, 0)","(489, 60, 0)","(496, 45, 0)","(494, 61, 0)","(491, 76, 0)",Grasp
114,"(482, 168, 0)","(534, 157, 0)","(557, 125, 0)","(561, 93, 0)","(551, 72, 0)","(579, 87, 0)","(582, 50, 0)","(570, 60, 0)","(563, 75, 0)","(552, 68, 0)","(559, 36, 0)","(548, 49, 0)","(542, 66, 0)","(520, 60, 0)","(525, 34, 0)","(518, 49, 0)","(513, 66, 0)","(489, 61, 0)","(494, 48, 0)","(491, 63, 0)","(489, 77, 0)",Grasp
115,"(480, 168, 0)","(532, 159, 0)","(557, 127, 0)","(559, 95, 0)","(549, 75, 0)","(578, 88, 0)","(581, 52, 0)","(569, 62, 0)","(562, 77, 0)","(550, 69, 0)","(557, 38, 0)","(547, 52, 0)","(541, 68, 0)","(519, 61, 0)","(525, 36, 0)","(518, 51, 0)","(512, 67, 0)","(488, 61, 0)","(494, 49, 0)","(491, 64, 0)","(489, 78, 0)",Grasp
116,"(480, 171, 0)","(532, 159, 0)","(555, 126, 0)","(558, 94, 0)","(547, 74, 0)","(578, 88, 0)","(576, 51, 0)","(565, 63, 0)","(560, 79, 0)","(550, 70, 0)","(553, 40, 0)","(543, 54, 0)","(538, 71, 0)","(518, 63, 0)","(523, 38, 0)","(516, 53, 0)","(511, 70, 0)","(487, 64, 0)","(493, 52, 0)","(489, 68, 0)","(487, 82, 0)",Grasp
117,"(480, 171, 0)","(532, 160, 0)","(555, 126, 0)","(558, 95, 0)","(547, 74, 0)","(577, 88, 0)","(576, 52, 0)","(565, 64, 0)","(560, 80, 0)","(550, 70, 0)","(553, 40, 0)","(543, 54, 0)","(538, 71, 0)","(518, 63, 0)","(523, 38, 0)","(516, 52, 0)","(512, 69, 0)","(487, 64, 0)","(492, 52, 0)","(490, 68, 0)","(488, 83, 0)",Grasp
118,"(480, 173, 0)","(532, 160, 0)","(555, 126, 0)","(557, 95, 0)","(545, 75, 0)","(578, 89, 0)","(575, 53, 0)","(565, 65, 0)","(559, 81, 0)","(550, 72, 0)","(551, 43, 0)","(542, 57, 0)","(536, 74, 0)","(518, 64, 0)","(523, 39, 0)","(516, 55, 0)","(511, 71, 0)","(487, 65, 0)","(492, 54, 0)","(489, 70, 0)","(487, 84, 0)",Grasp
119,"(479, 176, 0)","(531, 161, 0)","(555, 128, 0)","(556, 97, 0)","(543, 77, 0)","(577, 91, 0)","(575, 56, 0)","(564, 68, 0)","(558, 84, 0)","(550, 73, 0)","(550, 46, 0)","(541, 59, 0)","(536, 77, 0)","(518, 66, 0)","(523, 41, 0)","(515, 56, 0)","(511, 73, 0)","(487, 67, 0)","(492, 55, 0)","(488, 71, 0)","(486, 85, 0)",Grasp
120,"(480, 176, 0)","(531, 163, 0)","(554, 131, 0)","(557, 100, 0)","(546, 80, 0)","(576, 92, 0)","(574, 56, 0)","(563, 67, 0)","(557, 83, 0)","(549, 75, 0)","(549, 46, 0)","(539, 59, 0)","(535, 76, 0)","(517, 68, 0)","(521, 42, 0)","(514, 57, 0)","(510, 73, 0)","(487, 68, 0)","(492, 55, 0)","(488, 71, 0)","(487, 85, 0)",Grasp
121,"(480, 177, 0)","(531, 164, 0)","(554, 131, 0)","(557, 101, 0)","(546, 81, 0)","(576, 93, 0)","(575, 58, 0)","(563, 70, 0)","(558, 86, 0)","(549, 77, 0)","(550, 48, 0)","(539, 62, 0)","(535, 79, 0)","(518, 70, 0)","(522, 44, 0)","(514, 59, 0)","(510, 76, 0)","(487, 71, 0)","(493, 58, 0)","(489, 74, 0)","(487, 89, 0)",Grasp
122,"(481, 177, 0)","(531, 163, 0)","(554, 129, 0)","(556, 99, 0)","(544, 80, 0)","(576, 93, 0)","(574, 57, 0)","(563, 69, 0)","(557, 86, 0)","(549, 77, 0)","(549, 48, 0)","(539, 62, 0)","(535, 79, 0)","(518, 70, 0)","(522, 45, 0)","(514, 60, 0)","(510, 76, 0)","(487, 71, 0)","(492, 59, 0)","(488, 74, 0)","(486, 89, 0)",Grasp
123,"(480, 179, 0)","(531, 164, 0)","(554, 132, 0)","(558, 101, 0)","(546, 82, 0)","(576, 95, 0)","(575, 58, 0)","(563, 70, 0)","(558, 86, 0)","(550, 78, 0)","(550, 50, 0)","(539, 64, 0)","(535, 81, 0)","(518, 71, 0)","(523, 46, 0)","(515, 62, 0)","(510, 79, 0)","(487, 73, 0)","(493, 60, 0)","(489, 76, 0)","(487, 91, 0)",Grasp
124,"(480, 180, 0)","(531, 165, 0)","(554, 131, 0)","(557, 101, 0)","(545, 80, 0)","(576, 96, 0)","(576, 59, 0)","(564, 70, 0)","(558, 87, 0)","(550, 79, 0)","(550, 51, 0)","(539, 65, 0)","(535, 81, 0)","(518, 72, 0)","(522, 48, 0)","(514, 63, 0)","(510, 79, 0)","(487, 73, 0)","(492, 61, 0)","(488, 77, 0)","(486, 91, 0)",Grasp
125,"(481, 181, 0)","(532, 167, 0)","(554, 133, 0)","(557, 102, 0)","(545, 82, 0)","(577, 97, 0)","(577, 59, 0)","(565, 70, 0)","(559, 86, 0)","(550, 80, 0)","(550, 51, 0)","(540, 65, 0)","(536, 82, 0)","(518, 74, 0)","(522, 48, 0)","(514, 64, 0)","(510, 80, 0)","(487, 75, 0)","(493, 62, 0)","(489, 78, 0)","(487, 92, 0)",Grasp
126,"(481, 181, 0)","(532, 167, 0)","(556, 133, 0)","(559, 102, 0)","(547, 81, 0)","(578, 97, 0)","(578, 57, 0)","(565, 67, 0)","(559, 83, 0)","(551, 80, 0)","(551, 50, 0)","(540, 64, 0)","(536, 81, 0)","(519, 74, 0)","(522, 48, 0)","(514, 64, 0)","(510, 80, 0)","(489, 74, 0)","(493, 62, 0)","(489, 78, 0)","(487, 92, 0)",Grasp
127,"(481, 180, 0)","(532, 168, 0)","(556, 135, 0)","(561, 104, 0)","(552, 84, 0)","(577, 97, 0)","(579, 58, 0)","(566, 67, 0)","(560, 83, 0)","(551, 81, 0)","(551, 50, 0)","(540, 64, 0)","(536, 81, 0)","(519, 74, 0)","(522, 48, 0)","(514, 63, 0)","(509, 80, 0)","(488, 74, 0)","(493, 61, 0)","(489, 76, 0)","(486, 91, 0)",Grasp
128,"(482, 179, 0)","(533, 167, 0)","(557, 135, 0)","(563, 104, 0)","(554, 83, 0)","(577, 96, 0)","(581, 55, 0)","(568, 63, 0)","(560, 78, 0)","(551, 80, 0)","(552, 50, 0)","(541, 63, 0)","(537, 79, 0)","(520, 73, 0)","(522, 49, 0)","(514, 63, 0)","(510, 79, 0)","(489, 74, 0)","(494, 60, 0)","(490, 76, 0)","(487, 90, 0)",Grasp
129,"(481, 179, 0)","(532, 166, 0)","(556, 134, 0)","(561, 102, 0)","(552, 81, 0)","(578, 95, 0)","(579, 56, 0)","(567, 66, 0)","(560, 81, 0)","(551, 78, 0)","(553, 48, 0)","(542, 63, 0)","(537, 79, 0)","(520, 72, 0)","(523, 46, 0)","(515, 62, 0)","(510, 78, 0)","(489, 72, 0)","(494, 59, 0)","(490, 75, 0)","(487, 90, 0)",Grasp
130,"(480, 177, 0)","(532, 164, 0)","(556, 132, 0)","(560, 100, 0)","(550, 79, 0)","(578, 92, 0)","(577, 55, 0)","(565, 67, 0)","(559, 83, 0)","(551, 76, 0)","(551, 47, 0)","(540, 62, 0)","(536, 78, 0)","(519, 69, 0)","(522, 45, 0)","(514, 61, 0)","(509, 78, 0)","(488, 70, 0)","(493, 57, 0)","(490, 74, 0)","(487, 88, 0)",Grasp
131,"(480, 175, 0)","(532, 162, 0)","(556, 130, 0)","(559, 98, 0)","(547, 77, 0)","(578, 91, 0)","(576, 53, 0)","(565, 66, 0)","(559, 82, 0)","(550, 73, 0)","(552, 43, 0)","(542, 58, 0)","(537, 75, 0)","(519, 66, 0)","(522, 41, 0)","(515, 58, 0)","(511, 74, 0)","(488, 67, 0)","(493, 55, 0)","(490, 72, 0)","(488, 86, 0)",Grasp
132,"(480, 175, 0)","(531, 162, 0)","(555, 129, 0)","(558, 97, 0)","(546, 76, 0)","(578, 91, 0)","(576, 53, 0)","(564, 65, 0)","(559, 82, 0)","(551, 74, 0)","(551, 43, 0)","(541, 58, 0)","(536, 75, 0)","(519, 67, 0)","(521, 41, 0)","(514, 57, 0)","(510, 74, 0)","(488, 67, 0)","(492, 55, 0)","(489, 72, 0)","(487, 86, 0)",Grasp
133,"(479, 173, 0)","(531, 160, 0)","(555, 128, 0)","(559, 95, 0)","(548, 74, 0)","(577, 89, 0)","(576, 51, 0)","(564, 64, 0)","(558, 81, 0)","(550, 72, 0)","(552, 39, 0)","(541, 55, 0)","(536, 72, 0)","(519, 65, 0)","(522, 39, 0)","(514, 56, 0)","(510, 73, 0)","(488, 66, 0)","(493, 53, 0)","(490, 70, 0)","(487, 84, 0)",Grasp
134,"(479, 172, 0)","(531, 158, 0)","(556, 126, 0)","(559, 93, 0)","(548, 72, 0)","(577, 88, 0)","(578, 50, 0)","(565, 62, 0)","(559, 78, 0)","(550, 71, 0)","(554, 37, 0)","(543, 52, 0)","(537, 69, 0)","(519, 63, 0)","(522, 37, 0)","(514, 54, 0)","(510, 71, 0)","(488, 65, 0)","(493, 50, 0)","(490, 67, 0)","(488, 82, 0)",Grasp
135,"(479, 170, 0)","(531, 158, 0)","(555, 126, 0)","(559, 94, 0)","(548, 72, 0)","(577, 88, 0)","(578, 49, 0)","(565, 61, 0)","(559, 77, 0)","(550, 70, 0)","(554, 36, 0)","(543, 51, 0)","(537, 69, 0)","(519, 63, 0)","(522, 36, 0)","(514, 52, 0)","(510, 70, 0)","(488, 64, 0)","(493, 50, 0)","(489, 67, 0)","(487, 82, 0)",Grasp
136,"(480, 169, 0)","(531, 157, 0)","(555, 125, 0)","(560, 92, 0)","(550, 71, 0)","(577, 88, 0)","(579, 47, 0)","(565, 58, 0)","(559, 74, 0)","(551, 69, 0)","(554, 34, 0)","(543, 48, 0)","(537, 66, 0)","(519, 62, 0)","(522, 35, 0)","(514, 51, 0)","(510, 68, 0)","(488, 63, 0)","(493, 49, 0)","(489, 65, 0)","(487, 80, 0)",Grasp
137,"(480, 169, 0)","(532, 157, 0)","(555, 124, 0)","(559, 92, 0)","(548, 71, 0)","(577, 87, 0)","(580, 47, 0)","(567, 58, 0)","(561, 74, 0)","(550, 69, 0)","(555, 35, 0)","(543, 49, 0)","(538, 66, 0)","(519, 62, 0)","(523, 35, 0)","(515, 50, 0)","(510, 67, 0)","(488, 62, 0)","(493, 47, 0)","(489, 64, 0)","(487, 79, 0)",Grasp
138,"(478, 168, 0)","(530, 157, 0)","(554, 125, 0)","(560, 93, 0)","(550, 72, 0)","(576, 88, 0)","(578, 47, 0)","(565, 56, 0)","(559, 72, 0)","(549, 69, 0)","(553, 33, 0)","(541, 46, 0)","(536, 63, 0)","(518, 61, 0)","(521, 33, 0)","(513, 48, 0)","(509, 64, 0)","(487, 62, 0)","(492, 47, 0)","(488, 62, 0)","(486, 77, 0)",Grasp
139,"(476, 169, 0)","(528, 158, 0)","(551, 125, 0)","(555, 92, 0)","(545, 72, 0)","(574, 87, 0)","(575, 46, 0)","(562, 57, 0)","(556, 73, 0)","(546, 69, 0)","(548, 33, 0)","(537, 46, 0)","(532, 63, 0)","(515, 62, 0)","(518, 33, 0)","(510, 48, 0)","(506, 64, 0)","(484, 62, 0)","(490, 48, 0)","(486, 63, 0)","(484, 78, 0)",Grasp
140,"(474, 169, 0)","(525, 160, 0)","(548, 127, 0)","(553, 93, 0)","(544, 72, 0)","(569, 86, 0)","(574, 44, 0)","(561, 53, 0)","(554, 68, 0)","(542, 70, 0)","(545, 34, 0)","(534, 46, 0)","(530, 63, 0)","(511, 63, 0)","(516, 34, 0)","(509, 48, 0)","(504, 64, 0)","(481, 64, 0)","(488, 49, 0)","(485, 64, 0)","(482, 78, 0)",Move
141,"(471, 170, 0)","(523, 162, 0)","(545, 129, 0)","(549, 95, 0)","(542, 74, 0)","(565, 87, 0)","(571, 45, 0)","(559, 57, 0)","(553, 74, 0)","(537, 71, 0)","(543, 35, 0)","(534, 50, 0)","(530, 66, 0)","(506, 65, 0)","(514, 38, 0)","(509, 53, 0)","(504, 69, 0)","(476, 67, 0)","(487, 53, 0)","(484, 69, 0)","(481, 83, 0)",Move
142,"(471, 170, 0)","(523, 162, 0)","(546, 129, 0)","(551, 95, 0)","(545, 74, 0)","(565, 86, 0)","(570, 42, 0)","(559, 53, 0)","(553, 69, 0)","(537, 70, 0)","(542, 35, 0)","(533, 48, 0)","(529, 64, 0)","(506, 65, 0)","(513, 37, 0)","(508, 51, 0)","(503, 67, 0)","(476, 66, 0)","(486, 51, 0)","(484, 66, 0)","(481, 79, 0)",Move
143,"(468, 175, 0)","(520, 164, 0)","(542, 129, 0)","(544, 95, 0)","(534, 74, 0)","(560, 86, 0)","(565, 44, 0)","(555, 55, 0)","(550, 71, 0)","(532, 71, 0)","(538, 37, 0)","(531, 51, 0)","(527, 67, 0)","(501, 67, 0)","(510, 43, 0)","(506, 58, 0)","(501, 73, 0)","(472, 70, 0)","(483, 59, 0)","(482, 74, 0)","(478, 88, 0)",Move
144,"(462, 178, 0)","(517, 165, 0)","(537, 129, 0)","(542, 96, 0)","(533, 76, 0)","(554, 88, 0)","(561, 46, 0)","(553, 58, 0)","(547, 73, 0)","(525, 74, 0)","(535, 40, 0)","(529, 54, 0)","(525, 70, 0)","(494, 70, 0)","(506, 47, 0)","(504, 61, 0)","(499, 77, 0)","(466, 74, 0)","(481, 64, 0)","(480, 79, 0)","(476, 92, 0)",Move
145,"(455, 183, 0)","(512, 170, 0)","(532, 133, 0)","(536, 98, 0)","(528, 77, 0)","(546, 90, 0)","(556, 48, 0)","(549, 61, 0)","(544, 77, 0)","(516, 76, 0)","(528, 41, 0)","(524, 57, 0)","(520, 74, 0)","(486, 74, 0)","(500, 53, 0)","(500, 67, 0)","(494, 83, 0)","(459, 80, 0)","(476, 70, 0)","(476, 85, 0)","(472, 98, 0)",Move
146,"(449, 188, 0)","(507, 176, 0)","(527, 140, 0)","(532, 105, 0)","(524, 86, 0)","(540, 93, 0)","(552, 52, 0)","(547, 68, 0)","(542, 85, 0)","(510, 79, 0)","(525, 44, 0)","(523, 62, 0)","(519, 78, 0)","(479, 78, 0)","(496, 58, 0)","(498, 73, 0)","(492, 88, 0)","(453, 84, 0)","(472, 76, 0)","(473, 91, 0)","(468, 105, 0)",Move
147,"(449, 189, 0)","(506, 179, 0)","(527, 146, 0)","(532, 112, 0)","(525, 93, 0)","(541, 94, 0)","(553, 53, 0)","(546, 68, 0)","(540, 85, 0)","(511, 79, 0)","(525, 45, 0)","(522, 63, 0)","(518, 79, 0)","(480, 78, 0)","(495, 57, 0)","(496, 73, 0)","(490, 88, 0)","(453, 84, 0)","(470, 74, 0)","(471, 89, 0)","(467, 103, 0)",Move
148,"(443, 192, 0)","(500, 182, 0)","(523, 147, 0)","(530, 113, 0)","(526, 93, 0)","(535, 98, 0)","(551, 52, 0)","(546, 68, 0)","(540, 86, 0)","(505, 83, 0)","(522, 48, 0)","(520, 66, 0)","(516, 83, 0)","(475, 82, 0)","(493, 61, 0)","(494, 76, 0)","(488, 92, 0)","(448, 89, 0)","(468, 78, 0)","(469, 93, 0)","(465, 107, 0)",Move
149,"(437, 198, 0)","(497, 186, 0)","(519, 149, 0)","(524, 113, 0)","(517, 91, 0)","(528, 104, 0)","(546, 58, 0)","(544, 74, 0)","(536, 92, 0)","(498, 89, 0)","(518, 53, 0)","(517, 71, 0)","(512, 88, 0)","(468, 87, 0)","(487, 65, 0)","(489, 80, 0)","(483, 95, 0)","(442, 94, 0)","(463, 82, 0)","(464, 97, 0)","(460, 112, 0)",Move
150,"(431, 205, 0)","(493, 192, 0)","(515, 155, 0)","(520, 118, 0)","(515, 96, 0)","(525, 112, 0)","(543, 67, 0)","(541, 85, 0)","(533, 103, 0)","(494, 96, 0)","(516, 60, 0)","(514, 79, 0)","(508, 96, 0)","(463, 93, 0)","(483, 71, 0)","(484, 87, 0)","(477, 102, 0)","(437, 100, 0)","(457, 88, 0)","(458, 104, 0)","(454, 119, 0)",Move
151,"(424, 217, 0)","(485, 204, 0)","(508, 168, 0)","(514, 133, 0)","(509, 112, 0)","(517, 120, 0)","(535, 84, 0)","(532, 101, 0)","(524, 117, 0)","(485, 104, 0)","(509, 71, 0)","(508, 90, 0)","(502, 107, 0)","(455, 102, 0)","(477, 80, 0)","(480, 96, 0)","(473, 112, 0)","(430, 108, 0)","(451, 97, 0)","(454, 111, 0)","(450, 126, 0)",Move
152,"(424, 217, 0)","(484, 208, 0)","(509, 174, 0)","(516, 138, 0)","(513, 118, 0)","(517, 121, 0)","(535, 85, 0)","(532, 100, 0)","(523, 117, 0)","(486, 106, 0)","(508, 72, 0)","(509, 88, 0)","(502, 105, 0)","(456, 103, 0)","(478, 80, 0)","(481, 95, 0)","(474, 110, 0)","(432, 109, 0)","(453, 97, 0)","(456, 110, 0)","(451, 123, 0)",Move
153,"(416, 227, 0)","(478, 214, 0)","(502, 180, 0)","(508, 144, 0)","(503, 123, 0)","(506, 136, 0)","(527, 100, 0)","(526, 114, 0)","(517, 130, 0)","(474, 118, 0)","(501, 83, 0)","(502, 100, 0)","(495, 117, 0)","(445, 115, 0)","(471, 92, 0)","(474, 108, 0)","(466, 123, 0)","(421, 120, 0)","(445, 106, 0)","(448, 120, 0)","(443, 134, 0)",Move
154,"(405, 239, 0)","(467, 230, 0)","(491, 196, 0)","(495, 161, 0)","(489, 139, 0)","(497, 150, 0)","(521, 112, 0)","(519, 128, 0)","(508, 144, 0)","(466, 131, 0)","(494, 96, 0)","(494, 113, 0)","(486, 130, 0)","(437, 127, 0)","(461, 103, 0)","(463, 119, 0)","(455, 134, 0)","(413, 131, 0)","(435, 118, 0)","(438, 131, 0)","(433, 144, 0)",Move
155,"(394, 252, 0)","(457, 241, 0)","(481, 206, 0)","(487, 169, 0)","(482, 146, 0)","(486, 163, 0)","(510, 125, 0)","(510, 139, 0)","(501, 153, 0)","(455, 144, 0)","(485, 108, 0)","(487, 124, 0)","(479, 141, 0)","(426, 139, 0)","(454, 116, 0)","(457, 131, 0)","(449, 146, 0)","(402, 144, 0)","(428, 131, 0)","(431, 144, 0)","(425, 158, 0)",Move
156,"(382, 265, 0)","(445, 254, 0)","(471, 219, 0)","(478, 182, 0)","(475, 159, 0)","(475, 175, 0)","(501, 138, 0)","(501, 153, 0)","(493, 168, 0)","(444, 156, 0)","(477, 122, 0)","(480, 139, 0)","(472, 155, 0)","(416, 151, 0)","(445, 131, 0)","(449, 146, 0)","(442, 160, 0)","(392, 156, 0)","(419, 144, 0)","(423, 157, 0)","(418, 170, 0)",Move
157,"(382, 267, 0)","(446, 256, 0)","(471, 220, 0)","(477, 183, 0)","(473, 162, 0)","(476, 176, 0)","(500, 139, 0)","(501, 152, 0)","(493, 166, 0)","(445, 157, 0)","(475, 121, 0)","(479, 137, 0)","(473, 152, 0)","(416, 153, 0)","(444, 131, 0)","(450, 146, 0)","(443, 160, 0)","(393, 157, 0)","(419, 146, 0)","(424, 159, 0)","(420, 172, 0)",Move
158,"(372, 278, 0)","(437, 266, 0)","(462, 231, 0)","(469, 197, 0)","(468, 177, 0)","(464, 188, 0)","(489, 150, 0)","(492, 165, 0)","(485, 179, 0)","(433, 170, 0)","(466, 138, 0)","(470, 155, 0)","(464, 170, 0)","(405, 166, 0)","(435, 144, 0)","(441, 158, 0)","(435, 172, 0)","(382, 171, 0)","(408, 157, 0)","(414, 169, 0)","(410, 183, 0)",Move
159,"(362, 289, 0)","(426, 278, 0)","(452, 244, 0)","(459, 209, 0)","(457, 188, 0)","(453, 201, 0)","(479, 163, 0)","(482, 177, 0)","(475, 191, 0)","(422, 184, 0)","(456, 151, 0)","(459, 166, 0)","(454, 181, 0)","(395, 179, 0)","(426, 157, 0)","(430, 172, 0)","(423, 185, 0)","(373, 183, 0)","(400, 169, 0)","(404, 181, 0)","(399, 194, 0)",Move
160,"(352, 303, 0)","(415, 291, 0)","(441, 256, 0)","(449, 221, 0)","(449, 200, 0)","(442, 217, 0)","(470, 175, 0)","(475, 184, 0)","(471, 196, 0)","(412, 198, 0)","(445, 162, 0)","(452, 175, 0)","(448, 189, 0)","(385, 194, 0)","(416, 169, 0)","(423, 183, 0)","(418, 195, 0)","(363, 198, 0)","(391, 182, 0)","(397, 194, 0)","(393, 206, 0)",Move
161,"(344, 316, 0)","(406, 306, 0)","(433, 272, 0)","(441, 238, 0)","(439, 217, 0)","(433, 231, 0)","(462, 190, 0)","(466, 201, 0)","(461, 214, 0)","(403, 213, 0)","(438, 176, 0)","(443, 190, 0)","(439, 205, 0)","(376, 208, 0)","(408, 184, 0)","(414, 199, 0)","(409, 212, 0)","(355, 212, 0)","(383, 197, 0)","(388, 209, 0)","(384, 221, 0)",Move
162,"(343, 316, 0)","(405, 307, 0)","(432, 272, 0)","(440, 238, 0)","(441, 218, 0)","(434, 232, 0)","(459, 192, 0)","(467, 197, 0)","(465, 207, 0)","(404, 214, 0)","(436, 176, 0)","(444, 189, 0)","(443, 202, 0)","(377, 209, 0)","(407, 185, 0)","(416, 198, 0)","(413, 211, 0)","(355, 212, 0)","(384, 199, 0)","(392, 210, 0)","(389, 222, 0)",Move
163,"(335, 329, 0)","(398, 317, 0)","(424, 283, 0)","(433, 249, 0)","(432, 228, 0)","(425, 244, 0)","(454, 204, 0)","(457, 218, 0)","(450, 231, 0)","(395, 226, 0)","(429, 190, 0)","(433, 206, 0)","(427, 220, 0)","(369, 221, 0)","(399, 196, 0)","(405, 211, 0)","(398, 224, 0)","(346, 225, 0)","(374, 208, 0)","(379, 220, 0)","(374, 233, 0)",Move
164,"(328, 342, 0)","(389, 332, 0)","(416, 299, 0)","(424, 265, 0)","(423, 243, 0)","(418, 257, 0)","(447, 217, 0)","(448, 232, 0)","(439, 248, 0)","(389, 239, 0)","(422, 204, 0)","(426, 221, 0)","(418, 236, 0)","(362, 234, 0)","(392, 211, 0)","(396, 226, 0)","(388, 239, 0)","(339, 237, 0)","(367, 223, 0)","(371, 235, 0)","(364, 248, 0)",Move
165,"(320, 355, 0)","(381, 345, 0)","(409, 313, 0)","(420, 280, 0)","(420, 257, 0)","(412, 271, 0)","(439, 232, 0)","(441, 245, 0)","(435, 260, 0)","(382, 253, 0)","(414, 218, 0)","(418, 233, 0)","(412, 249, 0)","(355, 248, 0)","(384, 225, 0)","(388, 239, 0)","(381, 252, 0)","(332, 251, 0)","(359, 235, 0)","(363, 247, 0)","(357, 260, 0)",Move
166,"(315, 366, 0)","(377, 356, 0)","(403, 321, 0)","(411, 287, 0)","(410, 265, 0)","(405, 284, 0)","(434, 244, 0)","(435, 259, 0)","(427, 275, 0)","(375, 265, 0)","(409, 230, 0)","(411, 248, 0)","(403, 264, 0)","(349, 259, 0)","(379, 237, 0)","(382, 253, 0)","(373, 266, 0)","(326, 262, 0)","(354, 248, 0)","(357, 261, 0)","(350, 274, 0)",Move
167,"(314, 365, 0)","(376, 358, 0)","(401, 324, 0)","(409, 290, 0)","(406, 270, 0)","(405, 284, 0)","(435, 244, 0)","(434, 262, 0)","(424, 278, 0)","(375, 265, 0)","(410, 228, 0)","(412, 248, 0)","(404, 264, 0)","(349, 259, 0)","(380, 235, 0)","(384, 252, 0)","(376, 265, 0)","(327, 261, 0)","(356, 248, 0)","(360, 262, 0)","(353, 274, 0)",Move
168,"(311, 378, 0)","(371, 368, 0)","(397, 335, 0)","(405, 302, 0)","(404, 281, 0)","(400, 295, 0)","(428, 257, 0)","(428, 273, 0)","(420, 288, 0)","(372, 277, 0)","(404, 243, 0)","(407, 260, 0)","(399, 276, 0)","(345, 272, 0)","(373, 250, 0)","(377, 266, 0)","(369, 280, 0)","(323, 276, 0)","(349, 261, 0)","(353, 273, 0)","(346, 286, 0)",Move
169,"(309, 389, 0)","(369, 379, 0)","(395, 347, 0)","(404, 315, 0)","(403, 295, 0)","(396, 305, 0)","(424, 269, 0)","(425, 286, 0)","(416, 302, 0)","(368, 288, 0)","(401, 256, 0)","(403, 274, 0)","(395, 289, 0)","(342, 284, 0)","(371, 263, 0)","(375, 279, 0)","(366, 292, 0)","(320, 287, 0)","(346, 272, 0)","(350, 285, 0)","(343, 298, 0)",Move
170,"(308, 397, 0)","(367, 389, 0)","(393, 358, 0)","(403, 327, 0)","(402, 306, 0)","(394, 316, 0)","(421, 278, 0)","(421, 297, 0)","(411, 314, 0)","(366, 299, 0)","(398, 266, 0)","(400, 285, 0)","(391, 300, 0)","(341, 295, 0)","(368, 273, 0)","(372, 289, 0)","(363, 302, 0)","(319, 298, 0)","(343, 280, 0)","(347, 293, 0)","(341, 305, 0)",Move
171,"(307, 407, 0)","(365, 399, 0)","(391, 370, 0)","(400, 340, 0)","(399, 320, 0)","(393, 328, 0)","(418, 289, 0)","(418, 306, 0)","(409, 324, 0)","(366, 311, 0)","(395, 276, 0)","(397, 295, 0)","(389, 310, 0)","(340, 306, 0)","(365, 283, 0)","(368, 298, 0)","(360, 311, 0)","(318, 309, 0)","(341, 291, 0)","(344, 304, 0)","(338, 316, 0)",Move
172,"(306, 406, 0)","(365, 399, 0)","(389, 369, 0)","(397, 338, 0)","(394, 318, 0)","(394, 328, 0)","(418, 290, 0)","(418, 307, 0)","(410, 323, 0)","(367, 311, 0)","(395, 277, 0)","(397, 295, 0)","(390, 309, 0)","(340, 305, 0)","(366, 283, 0)","(369, 298, 0)","(362, 311, 0)","(319, 308, 0)","(343, 294, 0)","(347, 306, 0)","(340, 319, 0)",Move
173,"(307, 414, 0)","(364, 407, 0)","(389, 378, 0)","(398, 348, 0)","(397, 328, 0)","(393, 337, 0)","(418, 300, 0)","(418, 318, 0)","(407, 333, 0)","(366, 320, 0)","(397, 284, 0)","(399, 303, 0)","(390, 317, 0)","(341, 314, 0)","(368, 289, 0)","(371, 304, 0)","(363, 316, 0)","(318, 316, 0)","(344, 298, 0)","(347, 309, 0)","(340, 321, 0)",Move
174,"(307, 420, 0)","(364, 415, 0)","(389, 387, 0)","(397, 357, 0)","(395, 337, 0)","(393, 345, 0)","(417, 307, 0)","(417, 324, 0)","(407, 340, 0)","(367, 328, 0)","(396, 293, 0)","(398, 310, 0)","(389, 325, 0)","(341, 322, 0)","(366, 296, 0)","(370, 310, 0)","(362, 323, 0)","(319, 324, 0)","(342, 305, 0)","(346, 316, 0)","(340, 327, 0)",Move
175,"(309, 425, 0)","(363, 421, 0)","(388, 393, 0)","(396, 363, 0)","(393, 343, 0)","(395, 352, 0)","(418, 315, 0)","(416, 330, 0)","(405, 346, 0)","(370, 334, 0)","(397, 298, 0)","(397, 314, 0)","(389, 328, 0)","(344, 327, 0)","(368, 300, 0)","(371, 314, 0)","(363, 325, 0)","(321, 328, 0)","(344, 308, 0)","(347, 319, 0)","(342, 330, 0)",Move
176,"(310, 428, 0)","(365, 425, 0)","(389, 397, 0)","(397, 367, 0)","(395, 347, 0)","(398, 357, 0)","(420, 319, 0)","(416, 334, 0)","(407, 348, 0)","(373, 338, 0)","(399, 302, 0)","(399, 318, 0)","(390, 333, 0)","(347, 331, 0)","(370, 304, 0)","(372, 318, 0)","(365, 329, 0)","(324, 332, 0)","(346, 311, 0)","(349, 321, 0)","(343, 333, 0)",Move
177,"(310, 429, 0)","(364, 426, 0)","(388, 397, 0)","(395, 365, 0)","(392, 346, 0)","(400, 357, 0)","(420, 319, 0)","(415, 333, 0)","(405, 348, 0)","(375, 339, 0)","(399, 303, 0)","(397, 318, 0)","(389, 333, 0)","(349, 331, 0)","(370, 306, 0)","(371, 320, 0)","(363, 332, 0)","(325, 331, 0)","(346, 313, 0)","(348, 325, 0)","(342, 336, 0)",Move
178,"(312, 432, 0)","(366, 428, 0)","(391, 399, 0)","(399, 369, 0)","(395, 349, 0)","(401, 360, 0)","(422, 322, 0)","(417, 337, 0)","(407, 352, 0)","(376, 342, 0)","(401, 305, 0)","(400, 321, 0)","(391, 335, 0)","(350, 334, 0)","(372, 306, 0)","(374, 320, 0)","(367, 332, 0)","(327, 333, 0)","(349, 313, 0)","(351, 324, 0)","(346, 335, 0)",Move
179,"(315, 433, 0)","(369, 429, 0)","(394, 400, 0)","(401, 369, 0)","(397, 350, 0)","(405, 363, 0)","(424, 322, 0)","(419, 334, 0)","(409, 350, 0)","(380, 345, 0)","(403, 307, 0)","(401, 321, 0)","(393, 336, 0)","(354, 336, 0)","(375, 308, 0)","(376, 321, 0)","(369, 333, 0)","(331, 336, 0)","(352, 315, 0)","(354, 326, 0)","(348, 337, 0)",Move
180,"(319, 434, 0)","(372, 428, 0)","(398, 400, 0)","(406, 369, 0)","(402, 349, 0)","(409, 364, 0)","(427, 322, 0)","(421, 332, 0)","(412, 346, 0)","(384, 347, 0)","(406, 309, 0)","(403, 321, 0)","(395, 335, 0)","(358, 338, 0)","(378, 310, 0)","(378, 322, 0)","(371, 334, 0)","(334, 337, 0)","(355, 316, 0)","(356, 326, 0)","(350, 337, 0)",Move
181,"(321, 436, 0)","(375, 429, 0)","(401, 400, 0)","(410, 370, 0)","(406, 350, 0)","(412, 366, 0)","(429, 324, 0)","(423, 334, 0)","(414, 348, 0)","(388, 349, 0)","(408, 311, 0)","(405, 324, 0)","(397, 338, 0)","(362, 340, 0)","(381, 311, 0)","(380, 324, 0)","(373, 336, 0)","(337, 339, 0)","(358, 317, 0)","(359, 327, 0)","(353, 338, 0)",Move
182,"(322, 436, 0)","(375, 430, 0)","(401, 400, 0)","(409, 369, 0)","(403, 347, 0)","(413, 367, 0)","(430, 325, 0)","(423, 335, 0)","(413, 349, 0)","(389, 350, 0)","(410, 312, 0)","(406, 324, 0)","(399, 338, 0)","(363, 340, 0)","(383, 312, 0)","(381, 324, 0)","(375, 337, 0)","(339, 339, 0)","(360, 317, 0)","(360, 328, 0)","(354, 339, 0)",Position
183,"(324, 436, 0)","(376, 429, 0)","(402, 399, 0)","(411, 368, 0)","(407, 347, 0)","(415, 366, 0)","(431, 324, 0)","(425, 333, 0)","(416, 347, 0)","(391, 349, 0)","(411, 311, 0)","(408, 323, 0)","(401, 336, 0)","(365, 340, 0)","(384, 311, 0)","(383, 324, 0)","(376, 336, 0)","(340, 339, 0)","(361, 317, 0)","(361, 328, 0)","(355, 339, 0)",Position
184,"(326, 435, 0)","(378, 428, 0)","(404, 399, 0)","(413, 368, 0)","(409, 346, 0)","(417, 366, 0)","(433, 323, 0)","(427, 331, 0)","(418, 345, 0)","(392, 349, 0)","(413, 309, 0)","(410, 320, 0)","(403, 333, 0)","(366, 340, 0)","(385, 311, 0)","(385, 323, 0)","(379, 335, 0)","(342, 339, 0)","(362, 317, 0)","(363, 328, 0)","(358, 339, 0)",Position
185,"(328, 434, 0)","(379, 428, 0)","(405, 400, 0)","(414, 369, 0)","(410, 348, 0)","(418, 366, 0)","(434, 323, 0)","(427, 332, 0)","(418, 345, 0)","(394, 349, 0)","(414, 310, 0)","(410, 322, 0)","(403, 336, 0)","(368, 340, 0)","(387, 310, 0)","(385, 323, 0)","(379, 335, 0)","(343, 339, 0)","(363, 316, 0)","(364, 327, 0)","(358, 338, 0)",Position
186,"(329, 432, 0)","(379, 426, 0)","(405, 400, 0)","(414, 370, 0)","(410, 349, 0)","(418, 365, 0)","(434, 323, 0)","(428, 330, 0)","(420, 342, 0)","(395, 348, 0)","(415, 310, 0)","(412, 321, 0)","(405, 333, 0)","(369, 339, 0)","(388, 310, 0)","(387, 322, 0)","(381, 333, 0)","(345, 337, 0)","(365, 317, 0)","(365, 327, 0)","(359, 338, 0)",Position
187,"(329, 432, 0)","(380, 427, 0)","(405, 400, 0)","(414, 371, 0)","(409, 350, 0)","(418, 365, 0)","(434, 324, 0)","(427, 331, 0)","(419, 343, 0)","(395, 348, 0)","(415, 310, 0)","(411, 321, 0)","(404, 334, 0)","(369, 339, 0)","(388, 310, 0)","(387, 322, 0)","(380, 334, 0)","(345, 337, 0)","(365, 316, 0)","(365, 327, 0)","(359, 338, 0)",Position
